symbol,cik,source_rank
MMM,0000066740,1
AOS,0000091142,2
ABT,0000001800,3
ABBV,0001551152,4
ACN,0001467373,5
ADBE,0000796343,6
AMD,0000002488,7
AES,0000874761,8
AFL,0000004977,9
A,0001090872,10
APD,0000002969,11
ABNB,0001559720,12
AKAM,0001086222,13
ALB,0000915913,14
ARE,0001035443,15
ALGN,0001097149,16
ALLE,0001579241,17
LNT,0000352541,18
ALL,0000899051,19
GOOGL,0001652044,20
GOOG,0001652044,21
MO,0000764180,22
AMZN,0001018724,23
AMCR,0001748790,24
AEE,0001002910,25
AEP,0000004904,26
AXP,0000004962,27
AIG,0000005272,28
AMT,0001053507,29
AWK,0001410636,30
AMP,0000820027,31
AME,0001037868,32
AMGN,0000318154,33
APH,0000820313,34
ADI,0000006281,35
AON,0000315293,36
APA,0001841666,37
APO,0001858681,38
AAPL,0000320193,39
AMAT,0000006951,40
APP,0001751008,41
APTV,0001521332,42
ACGL,0000947484,43
ADM,0000007084,44
ARES,0001176948,45
ANET,0001596532,46
AJG,0000354190,47
AIZ,0001267238,48
T,0000732717,49
ATO,0000731802,50
ADSK,0000769397,51
ADP,0000008670,52
AZO,0000866787,53
AVY,0000008818,54
AXON,0001069183,55
BKR,0001701605,56
BALL,0000009389,57
BAC,0000070858,58
BAX,0000010456,59
BDX,0000010795,60
BRK.B,0001067983,61
BBY,0000764478,62
TECH,0000842023,63
BIIB,0000875045,64
BLK,0002012383,65
BX,0001393818,66
XYZ,0001512673,67
BE,0001664703,68
BNY,0001390777,69
BA,0000012927,70
BKNG,0001075531,71
BSX,0000885725,72
BMY,0000014272,73
AVGO,0001730168,74
BR,0001383312,75
BRO,0000079282,76
BF.B,0000014693,77
BG,0001996862,78
BXP,0001037540,79
CHRW,0001043277,80
CDNS,0000813672,81
CPT,0000906345,82
COF,0000927628,83
CAH,0000721371,84
CCL,0000815097,85
CARR,0001783180,86
CVNA,0001690820,87
CASY,0000726958,88
CAT,0000018230,89
CBOE,0001374310,90
CBRE,0001138118,91
CDW,0001402057,92
COR,0001140859,93
CNC,0001071739,94
CNP,0001130310,95
CF,0001324404,96
CRL,0001100682,97
SCHW,0000316709,98
CHTR,0001091667,99
CVX,0000093410,100
CMG,0001058090,101
CB,0000896159,102
CHD,0000313927,103
CIEN,0000936395,104
CI,0001739940,105
CINF,0000020286,106
CTAS,0000723254,107
CSCO,0000858877,108
C,0000831001,109
CFG,0000759944,110
CLX,0000021076,111
CME,0001156375,112
CMS,0000811156,113
KO,0000021344,114
CTSH,0001058290,115
COHR,0000820318,116
COIN,0001679788,117
CL,0000021665,118
CMCSA,0001166691,119
FIX,0001035983,120
COP,0001163165,121
ED,0001047862,122
STZ,0000016918,123
CEG,0001868275,124
COO,0000711404,125
CPRT,0000900075,126
GLW,0000024741,127
CPAY,0001175454,128
CTVA,0001755672,129
CSGP,0001057352,130
COST,0000909832,131
CRH,0000849395,132
CRWD,0001535527,133
CCI,0001051470,134
CSX,0000277948,135
CMI,0000026172,136
CVS,0000064803,137
DHR,0000313616,138
DRI,0000940944,139
DDOG,0001561550,140
DVA,0000927066,141
DECK,0000910521,142
DE,0000315189,143
DELL,0001571996,144
DAL,0000027904,145
DVN,0001090012,146
DXCM,0001093557,147
FANG,0001539838,148
DLR,0001297996,149
DG,0000029534,150
DLTR,0000935703,151
D,0000715957,152
DPZ,0001286681,153
DASH,0001792789,154
DOV,0000029905,155
DOW,0001751788,156
DHI,0000882184,157
DTE,0000936340,158
DUK,0001326160,159
DD,0001666700,160
ETN,0001551182,161
EBAY,0001065088,162
ECHO,0001415404,163
ECL,0000031462,164
EIX,0000827052,165
EW,0001099800,166
ELV,0001156039,167
EME,0000105634,168
EMR,0000032604,169
ETR,0000065984,170
EOG,0000821189,171
EQT,0000033213,172
EFX,0000033185,173
EQIX,0001101239,174
ERIE,0000922621,175
ESS,0000920522,176
EL,0001001250,177
EG,0001095073,178
EVRG,0001711269,179
P,0001474432,180
ES,0000072741,181
EXC,0001109357,182
EXE,0000895126,183
EXPE,0001324424,184
EXPD,0000746515,185
EXR,0001289490,186
XOM,0002115436,187
FFIV,0001048695,188
FDS,0001013237,189
FICO,0000814547,190
FAST,0000815556,191
FRT,0000034903,192
FDX,0001048911,193
FDXF,0002082247,194
FERG,0002011641,195
FIS,0001136893,196
FITB,0000035527,197
FSLR,0001274494,198
FE,0001031296,199
FISV,0000798354,200
FLEX,0000866374,201
F,0000037996,202
FTNT,0001262039,203
FTV,0001659166,204
FOXA,0001754301,205
FOX,0001754301,206
BEN,0000038777,207
FCX,0000831259,208
GRMN,0001121788,209
IT,0000749251,210
GE,0000040545,211
GEHC,0001932393,212
GEV,0001996810,213
GEN,0000849399,214
GNRC,0001474735,215
GD,0000040533,216
GIS,0000040704,217
GM,0001467858,218
GPC,0000040987,219
GILD,0000882095,220
GPN,0001123360,221
GL,0000320335,222
GDDY,0001609711,223
GS,0000886982,224
HAL,0000045012,225
HIG,0000874766,226
HAS,0000046080,227
HCA,0000860730,228
DOC,0000765880,229
HSIC,0001000228,230
HSY,0000047111,231
HPE,0001645590,232
HLT,0001585689,233
HD,0000354950,234
HONA,0002089271,235
HON,0000773840,236
HRL,0000048465,237
HST,0001070750,238
HWM,0000004281,239
HPQ,0000047217,240
HUBB,0000048898,241
HUM,0000049071,242
HBAN,0000049196,243
HII,0001501585,244
IBM,0000051143,245
IEX,0000832101,246
IDXX,0000874716,247
ITW,0000049826,248
ILMN,0001110803,249
INCY,0000879169,250
IR,0001699150,251
PODD,0001145197,252
INTC,0000050863,253
IBKR,0001381197,254
ICE,0001571949,255
IFF,0000051253,256
IP,0000051434,257
INTU,0000896878,258
ISRG,0001035267,259
IVZ,0000914208,260
INVH,0001687229,261
IQV,0001478242,262
IRM,0001020569,263
JBHT,0000728535,264
JBL,0000898293,265
JKHY,0000779152,266
J,0000052988,267
JNJ,0000200406,268
JCI,0000833444,269
JPM,0000019617,270
KVUE,0001944048,271
KDP,0001418135,272
KEY,0000091576,273
KEYS,0001601046,274
KMB,0000055785,275
KIM,0000879101,276
KMI,0001506307,277
KKR,0001404912,278
KLAC,0000319201,279
KHC,0001637459,280
KR,0000056873,281
LHX,0000202058,282
LH,0000920148,283
LRCX,0000707549,284
LVS,0001300514,285
LDOS,0001336920,286
LEN,0000920760,287
LII,0001069202,288
LLY,0000059478,289
LIN,0001707925,290
LYV,0001335258,291
LMT,0000936468,292
L,0000060086,293
LOW,0000060667,294
LULU,0001397187,295
LITE,0001633978,296
LYB,0001489393,297
MTB,0000036270,298
MPC,0001510295,299
MAR,0001048286,300
MRSH,0000062709,301
MLM,0000916076,302
MRVL,0001835632,303
MAS,0000062996,304
MA,0001141391,305
MKC,0000063754,306
MCD,0000063908,307
MCK,0000927653,308
MDT,0001613103,309
MRK,0000310158,310
META,0001326801,311
MET,0001099219,312
MTD,0001037646,313
MGM,0000789570,314
MCHP,0000827054,315
MU,0000723125,316
MSFT,0000789019,317
MAA,0000912595,318
MRNA,0001682852,319
MDLZ,0001103982,320
MPWR,0001280452,321
MNST,0000865752,322
MCO,0001059556,323
MS,0000895421,324
MOS,0001285785,325
MSI,0000068505,326
MSCI,0001408198,327
NDAQ,0001120193,328
NTAP,0001002047,329
NFLX,0001065280,330
NEM,0001164727,331
NWSA,0001564708,332
NWS,0001564708,333
NEE,0000753308,334
NKE,0000320187,335
NI,0001111711,336
NDSN,0000072331,337
NSC,0000702165,338
NTRS,0000073124,339
NOC,0001133421,340
NCLH,0001513761,341
NRG,0001013871,342
NUE,0000073309,343
NVDA,0001045810,344
NVR,0000906163,345
NXPI,0001413447,346
ORLY,0000898173,347
OXY,0000797468,348
ODFL,0000878927,349
OMC,0000029989,350
ON,0001097864,351
OKE,0001039684,352
ORCL,0001341439,353
OTIS,0001781335,354
PCAR,0000075362,355
PKG,0000075677,356
PLTR,0001321655,357
PANW,0001327567,358
PSKY,0002041610,359
PH,0000076334,360
PAYX,0000723531,361
PYPL,0001633917,362
PNR,0000077360,363
PEP,0000077476,364
PFE,0000078003,365
PCG,0001004980,366
PM,0001413329,367
PSX,0001534701,368
PNW,0000764622,369
PNC,0000713676,370
PPG,0000079879,371
PPL,0000922224,372
PFG,0001126328,373
PG,0000080424,374
PGR,0000080661,375
PLD,0001045609,376
PRU,0001137774,377
PEG,0000788784,378
PTC,0000857005,379
PSA,0001393311,380
PHM,0000822416,381
PWR,0001050915,382
QCOM,0000804328,383
DGX,0001022079,384
Q,0002058873,385
RL,0001037038,386
RJF,0000720005,387
RDDT,0001713445,388
RTX,0000101829,389
O,0000726728,390
REG,0000910606,391
REGN,0000872589,392
RF,0001281761,393
RSG,0001060391,394
RMD,0000943819,395
RVTY,0000031791,396
HOOD,0001783879,397
ROK,0001024478,398
ROL,0000084839,399
ROP,0000882835,400
ROST,0000745732,401
RCL,0000884887,402
SPGI,0000064040,403
CRM,0001108524,404
SNDK,0002023554,405
SBAC,0001034054,406
SLB,0000087347,407
STX,0001137789,408
SRE,0001032208,409
NOW,0001373715,410
SHW,0000089800,411
SPG,0001063761,412
SWKS,0000004127,413
SJM,0000091419,414
SW,0002005951,415
SNA,0000091440,416
SOLV,0001964738,417
SO,0000092122,418
LUV,0000092380,419
SWK,0000093556,420
SBUX,0000829224,421
STT,0000093751,422
STLD,0001022671,423
STE,0001757898,424
SYK,0000310764,425
SMCI,0001375365,426
SYF,0001601712,427
SNPS,0000883241,428
SYY,0000096021,429
TMUS,0001283699,430
TROW,0001113169,431
TTWO,0000946581,432
TPR,0001116132,433
TRGP,0001389170,434
TGT,0000027419,435
TEL,0001385157,436
TDY,0001094285,437
TER,0000097210,438
TSLA,0001318605,439
TXN,0000097476,440
TPL,0001811074,441
TXT,0000217346,442
TMO,0000097745,443
TJX,0000109198,444
TKO,0001973266,445
TSCO,0000916365,446
TT,0001466258,447
TDG,0001260221,448
TRV,0000086312,449
TRMB,0000864749,450
TFC,0000092230,451
TYL,0000860731,452
TSN,0000100493,453
USB,0000036104,454
UBER,0001543151,455
UDR,0000074208,456
ULTA,0001403568,457
UNP,0000100885,458
UAL,0000100517,459
UPS,0001090727,460
URI,0001067701,461
UNH,0000731766,462
UHS,0000352915,463
VLO,0001035002,464
VEEV,0001393052,465
VTR,0000740260,466
VLTO,0001967680,467
VRSN,0001014473,468
VRSK,0001442145,469
VZ,0000732712,470
VRTX,0000875320,471
VRT,0001674101,472
VTRS,0001792044,473
VICI,0001705696,474
V,0001403161,475
VST,0001692819,476
VMRK,0000906107,477
VMC,0001396009,478
WRB,0000011544,479
GWW,0000277135,480
WAB,0000943452,481
WMT,0000104169,482
DIS,0001744489,483
WBD,0001437107,484
WM,0000823768,485
WAT,0001000697,486
WEC,0000783325,487
WFC,0000072971,488
WELL,0000766704,489
WST,0000105770,490
WDC,0000106040,491
WY,0000106535,492
WSM,0000719955,493
WMB,0000107263,494
WTW,0001140536,495
WDAY,0001327811,496
WYNN,0001174922,497
XEL,0000072903,498
XYL,0001524472,499
YUM,0001041061,500
ZBRA,0000877212,501
ZBH,0001136869,502
ZTS,0001555280,503
