ticker,source,source_as_of,source_rank,security_type,source_cik
AAPL,Wikipedia S&P 500 component stocks; frozen 2026-09-26,2026-09-26,1,common_stock,0000320193
MSFT,Wikipedia S&P 500 component stocks; frozen 2026-09-26,2026-09-26,2,common_stock,0000789019
AMZN,Wikipedia S&P 500 component stocks; frozen 2026-09-26,2026-09-26,3,common_stock,0001018724
GOOGL,Wikipedia S&P 500 component stocks; frozen 2026-09-26,2026-09-26,4,common_stock,0001652044
META,Wikipedia S&P 500 component stocks; frozen 2026-09-26,2026-09-26,5,common_stock,0001326801
NVDA,Wikipedia S&P 500 component stocks; frozen 2026-09-26,2026-09-26,6,common_stock,0001045810
BRK-B,Wikipedia S&P 500 component stocks; frozen 2026-09-26,2026-09-26,7,common_stock,0001067983
JPM,Wikipedia S&P 500 component stocks; frozen 2026-09-26,2026-09-26,8,common_stock,0000019617
V,Wikipedia S&P 500 component stocks; frozen 2026-09-26,2026-09-26,9,common_stock,0001403161
UNH,Wikipedia S&P 500 component stocks; frozen 2026-09-26,2026-09-26,10,common_stock,0000731766
XOM,Wikipedia S&P 500 component stocks; frozen 2026-09-26,2026-09-26,11,common_stock,0002115436
JNJ,Wikipedia S&P 500 component stocks; frozen 2026-09-26,2026-09-26,12,common_stock,0000200406
WMT,Wikipedia S&P 500 component stocks; frozen 2026-09-26,2026-09-26,13,common_stock,0000104169
MA,Wikipedia S&P 500 component stocks; frozen 2026-09-26,2026-09-26,14,common_stock,0001141391
PG,Wikipedia S&P 500 component stocks; frozen 2026-09-26,2026-09-26,15,common_stock,0000080424
HD,Wikipedia S&P 500 component stocks; frozen 2026-09-26,2026-09-26,16,common_stock,0000354950
CVX,Wikipedia S&P 500 component stocks; frozen 2026-09-26,2026-09-26,17,common_stock,0000093410
MRK,Wikipedia S&P 500 component stocks; frozen 2026-09-26,2026-09-26,18,common_stock,0000310158
ABBV,Wikipedia S&P 500 component stocks; frozen 2026-09-26,2026-09-26,19,common_stock,0001551152
PEP,Wikipedia S&P 500 component stocks; frozen 2026-09-26,2026-09-26,20,common_stock,0000077476
KO,Wikipedia S&P 500 component stocks; frozen 2026-09-26,2026-09-26,21,common_stock,0000021344
COST,Wikipedia S&P 500 component stocks; frozen 2026-09-26,2026-09-26,22,common_stock,0000909832
AVGO,Wikipedia S&P 500 component stocks; frozen 2026-09-26,2026-09-26,23,common_stock,0001730168
LLY,Wikipedia S&P 500 component stocks; frozen 2026-09-26,2026-09-26,24,common_stock,0000059478
BAC,Wikipedia S&P 500 component stocks; frozen 2026-09-26,2026-09-26,25,common_stock,0000070858
TMO,Wikipedia S&P 500 component stocks; frozen 2026-09-26,2026-09-26,26,common_stock,0000097745
MCD,Wikipedia S&P 500 component stocks; frozen 2026-09-26,2026-09-26,27,common_stock,0000063908
CSCO,Wikipedia S&P 500 component stocks; frozen 2026-09-26,2026-09-26,28,common_stock,0000858877
ABT,Wikipedia S&P 500 component stocks; frozen 2026-09-26,2026-09-26,29,common_stock,0000001800
ACN,Wikipedia S&P 500 component stocks; frozen 2026-09-26,2026-09-26,30,common_stock,0001467373
DHR,Wikipedia S&P 500 component stocks; frozen 2026-09-26,2026-09-26,31,common_stock,0000313616
WFC,Wikipedia S&P 500 component stocks; frozen 2026-09-26,2026-09-26,32,common_stock,0000072971
LIN,Wikipedia S&P 500 component stocks; frozen 2026-09-26,2026-09-26,33,common_stock,0001707925
DIS,Wikipedia S&P 500 component stocks; frozen 2026-09-26,2026-09-26,34,common_stock,0001744489
ADBE,Wikipedia S&P 500 component stocks; frozen 2026-09-26,2026-09-26,35,common_stock,0000796343
CRM,Wikipedia S&P 500 component stocks; frozen 2026-09-26,2026-09-26,36,common_stock,0001108524
NFLX,Wikipedia S&P 500 component stocks; frozen 2026-09-26,2026-09-26,37,common_stock,0001065280
AMD,Wikipedia S&P 500 component stocks; frozen 2026-09-26,2026-09-26,38,common_stock,0000002488
TXN,Wikipedia S&P 500 component stocks; frozen 2026-09-26,2026-09-26,39,common_stock,0000097476
QCOM,Wikipedia S&P 500 component stocks; frozen 2026-09-26,2026-09-26,40,common_stock,0000804328
ORCL,Wikipedia S&P 500 component stocks; frozen 2026-09-26,2026-09-26,41,common_stock,0001341439
IBM,Wikipedia S&P 500 component stocks; frozen 2026-09-26,2026-09-26,42,common_stock,0000051143
GE,Wikipedia S&P 500 component stocks; frozen 2026-09-26,2026-09-26,43,common_stock,0000040545
CAT,Wikipedia S&P 500 component stocks; frozen 2026-09-26,2026-09-26,44,common_stock,0000018230
BA,Wikipedia S&P 500 component stocks; frozen 2026-09-26,2026-09-26,45,common_stock,0000012927
HON,Wikipedia S&P 500 component stocks; frozen 2026-09-26,2026-09-26,46,common_stock,0000773840
UPS,Wikipedia S&P 500 component stocks; frozen 2026-09-26,2026-09-26,47,common_stock,0001090727
UNP,Wikipedia S&P 500 component stocks; frozen 2026-09-26,2026-09-26,48,common_stock,0000100885
RTX,Wikipedia S&P 500 component stocks; frozen 2026-09-26,2026-09-26,49,common_stock,0000101829
LMT,Wikipedia S&P 500 component stocks; frozen 2026-09-26,2026-09-26,50,common_stock,0000936468
DE,Wikipedia S&P 500 component stocks; frozen 2026-09-26,2026-09-26,51,common_stock,0000315189
GS,Wikipedia S&P 500 component stocks; frozen 2026-09-26,2026-09-26,52,common_stock,0000886982
MS,Wikipedia S&P 500 component stocks; frozen 2026-09-26,2026-09-26,53,common_stock,0000895421
BLK,Wikipedia S&P 500 component stocks; frozen 2026-09-26,2026-09-26,54,common_stock,0002012383
AXP,Wikipedia S&P 500 component stocks; frozen 2026-09-26,2026-09-26,55,common_stock,0000004962
C,Wikipedia S&P 500 component stocks; frozen 2026-09-26,2026-09-26,56,common_stock,0000831001
SCHW,Wikipedia S&P 500 component stocks; frozen 2026-09-26,2026-09-26,57,common_stock,0000316709
SPGI,Wikipedia S&P 500 component stocks; frozen 2026-09-26,2026-09-26,58,common_stock,0000064040
CB,Wikipedia S&P 500 component stocks; frozen 2026-09-26,2026-09-26,59,common_stock,0000896159
MRSH,Wikipedia S&P 500 component stocks; frozen 2026-09-26,2026-09-26,60,common_stock,0000062709
PGR,Wikipedia S&P 500 component stocks; frozen 2026-09-26,2026-09-26,61,common_stock,0000080661
AMGN,Wikipedia S&P 500 component stocks; frozen 2026-09-26,2026-09-26,62,common_stock,0000318154
GILD,Wikipedia S&P 500 component stocks; frozen 2026-09-26,2026-09-26,63,common_stock,0000882095
VRTX,Wikipedia S&P 500 component stocks; frozen 2026-09-26,2026-09-26,64,common_stock,0000875320
ISRG,Wikipedia S&P 500 component stocks; frozen 2026-09-26,2026-09-26,65,common_stock,0001035267
SYK,Wikipedia S&P 500 component stocks; frozen 2026-09-26,2026-09-26,66,common_stock,0000310764
BSX,Wikipedia S&P 500 component stocks; frozen 2026-09-26,2026-09-26,67,common_stock,0000885725
MDT,Wikipedia S&P 500 component stocks; frozen 2026-09-26,2026-09-26,68,common_stock,0001613103
PFE,Wikipedia S&P 500 component stocks; frozen 2026-09-26,2026-09-26,69,common_stock,0000078003
BMY,Wikipedia S&P 500 component stocks; frozen 2026-09-26,2026-09-26,70,common_stock,0000014272
CVS,Wikipedia S&P 500 component stocks; frozen 2026-09-26,2026-09-26,71,common_stock,0000064803
CI,Wikipedia S&P 500 component stocks; frozen 2026-09-26,2026-09-26,72,common_stock,0001739940
ELV,Wikipedia S&P 500 component stocks; frozen 2026-09-26,2026-09-26,73,common_stock,0001156039
ZTS,Wikipedia S&P 500 component stocks; frozen 2026-09-26,2026-09-26,74,common_stock,0001555280
REGN,Wikipedia S&P 500 component stocks; frozen 2026-09-26,2026-09-26,75,common_stock,0000872589
NOW,Wikipedia S&P 500 component stocks; frozen 2026-09-26,2026-09-26,76,common_stock,0001373715
INTU,Wikipedia S&P 500 component stocks; frozen 2026-09-26,2026-09-26,77,common_stock,0000896878
AMAT,Wikipedia S&P 500 component stocks; frozen 2026-09-26,2026-09-26,78,common_stock,0000006951
LRCX,Wikipedia S&P 500 component stocks; frozen 2026-09-26,2026-09-26,79,common_stock,0000707549
MU,Wikipedia S&P 500 component stocks; frozen 2026-09-26,2026-09-26,80,common_stock,0000723125
ADI,Wikipedia S&P 500 component stocks; frozen 2026-09-26,2026-09-26,81,common_stock,0000006281
KLAC,Wikipedia S&P 500 component stocks; frozen 2026-09-26,2026-09-26,82,common_stock,0000319201
PANW,Wikipedia S&P 500 component stocks; frozen 2026-09-26,2026-09-26,83,common_stock,0001327567
SNPS,Wikipedia S&P 500 component stocks; frozen 2026-09-26,2026-09-26,84,common_stock,0000883241
CDNS,Wikipedia S&P 500 component stocks; frozen 2026-09-26,2026-09-26,85,common_stock,0000813672
T,Wikipedia S&P 500 component stocks; frozen 2026-09-26,2026-09-26,86,common_stock,0000732717
VZ,Wikipedia S&P 500 component stocks; frozen 2026-09-26,2026-09-26,87,common_stock,0000732712
CMCSA,Wikipedia S&P 500 component stocks; frozen 2026-09-26,2026-09-26,88,common_stock,0001166691
TMUS,Wikipedia S&P 500 component stocks; frozen 2026-09-26,2026-09-26,89,common_stock,0001283699
NEE,Wikipedia S&P 500 component stocks; frozen 2026-09-26,2026-09-26,90,common_stock,0000753308
DUK,Wikipedia S&P 500 component stocks; frozen 2026-09-26,2026-09-26,91,common_stock,0001326160
SO,Wikipedia S&P 500 component stocks; frozen 2026-09-26,2026-09-26,92,common_stock,0000092122
COP,Wikipedia S&P 500 component stocks; frozen 2026-09-26,2026-09-26,93,common_stock,0001163165
SLB,Wikipedia S&P 500 component stocks; frozen 2026-09-26,2026-09-26,94,common_stock,0000087347
EOG,Wikipedia S&P 500 component stocks; frozen 2026-09-26,2026-09-26,95,common_stock,0000821189
LOW,Wikipedia S&P 500 component stocks; frozen 2026-09-26,2026-09-26,96,common_stock,0000060667
TJX,Wikipedia S&P 500 component stocks; frozen 2026-09-26,2026-09-26,97,common_stock,0000109198
NKE,Wikipedia S&P 500 component stocks; frozen 2026-09-26,2026-09-26,98,common_stock,0000320187
SBUX,Wikipedia S&P 500 component stocks; frozen 2026-09-26,2026-09-26,99,common_stock,0000829224
BKNG,Wikipedia S&P 500 component stocks; frozen 2026-09-26,2026-09-26,100,common_stock,0001075531
MMM,Wikipedia S&P 500 component stocks; frozen 2026-09-26,2026-09-26,101,common_stock,0000066740
AOS,Wikipedia S&P 500 component stocks; frozen 2026-09-26,2026-09-26,102,common_stock,0000091142
AES,Wikipedia S&P 500 component stocks; frozen 2026-09-26,2026-09-26,103,common_stock,0000874761
AFL,Wikipedia S&P 500 component stocks; frozen 2026-09-26,2026-09-26,104,common_stock,0000004977
A,Wikipedia S&P 500 component stocks; frozen 2026-09-26,2026-09-26,105,common_stock,0001090872
APD,Wikipedia S&P 500 component stocks; frozen 2026-09-26,2026-09-26,106,common_stock,0000002969
ABNB,Wikipedia S&P 500 component stocks; frozen 2026-09-26,2026-09-26,107,common_stock,0001559720
AKAM,Wikipedia S&P 500 component stocks; frozen 2026-09-26,2026-09-26,108,common_stock,0001086222
ALB,Wikipedia S&P 500 component stocks; frozen 2026-09-26,2026-09-26,109,common_stock,0000915913
ARE,Wikipedia S&P 500 component stocks; frozen 2026-09-26,2026-09-26,110,common_stock,0001035443
ALGN,Wikipedia S&P 500 component stocks; frozen 2026-09-26,2026-09-26,111,common_stock,0001097149
ALLE,Wikipedia S&P 500 component stocks; frozen 2026-09-26,2026-09-26,112,common_stock,0001579241
LNT,Wikipedia S&P 500 component stocks; frozen 2026-09-26,2026-09-26,113,common_stock,0000352541
ALL,Wikipedia S&P 500 component stocks; frozen 2026-09-26,2026-09-26,114,common_stock,0000899051
GOOG,Wikipedia S&P 500 component stocks; frozen 2026-09-26,2026-09-26,115,common_stock,0001652044
MO,Wikipedia S&P 500 component stocks; frozen 2026-09-26,2026-09-26,116,common_stock,0000764180
AMCR,Wikipedia S&P 500 component stocks; frozen 2026-09-26,2026-09-26,117,common_stock,0001748790
AEE,Wikipedia S&P 500 component stocks; frozen 2026-09-26,2026-09-26,118,common_stock,0001002910
AEP,Wikipedia S&P 500 component stocks; frozen 2026-09-26,2026-09-26,119,common_stock,0000004904
AIG,Wikipedia S&P 500 component stocks; frozen 2026-09-26,2026-09-26,120,common_stock,0000005272
AMT,Wikipedia S&P 500 component stocks; frozen 2026-09-26,2026-09-26,121,common_stock,0001053507
AWK,Wikipedia S&P 500 component stocks; frozen 2026-09-26,2026-09-26,122,common_stock,0001410636
AMP,Wikipedia S&P 500 component stocks; frozen 2026-09-26,2026-09-26,123,common_stock,0000820027
AME,Wikipedia S&P 500 component stocks; frozen 2026-09-26,2026-09-26,124,common_stock,0001037868
APH,Wikipedia S&P 500 component stocks; frozen 2026-09-26,2026-09-26,125,common_stock,0000820313
AON,Wikipedia S&P 500 component stocks; frozen 2026-09-26,2026-09-26,126,common_stock,0000315293
APA,Wikipedia S&P 500 component stocks; frozen 2026-09-26,2026-09-26,127,common_stock,0001841666
APO,Wikipedia S&P 500 component stocks; frozen 2026-09-26,2026-09-26,128,common_stock,0001858681
APP,Wikipedia S&P 500 component stocks; frozen 2026-09-26,2026-09-26,129,common_stock,0001751008
APTV,Wikipedia S&P 500 component stocks; frozen 2026-09-26,2026-09-26,130,common_stock,0001521332
ACGL,Wikipedia S&P 500 component stocks; frozen 2026-09-26,2026-09-26,131,common_stock,0000947484
ADM,Wikipedia S&P 500 component stocks; frozen 2026-09-26,2026-09-26,132,common_stock,0000007084
ARES,Wikipedia S&P 500 component stocks; frozen 2026-09-26,2026-09-26,133,common_stock,0001176948
ANET,Wikipedia S&P 500 component stocks; frozen 2026-09-26,2026-09-26,134,common_stock,0001596532
AJG,Wikipedia S&P 500 component stocks; frozen 2026-09-26,2026-09-26,135,common_stock,0000354190
AIZ,Wikipedia S&P 500 component stocks; frozen 2026-09-26,2026-09-26,136,common_stock,0001267238
ATO,Wikipedia S&P 500 component stocks; frozen 2026-09-26,2026-09-26,137,common_stock,0000731802
ADSK,Wikipedia S&P 500 component stocks; frozen 2026-09-26,2026-09-26,138,common_stock,0000769397
ADP,Wikipedia S&P 500 component stocks; frozen 2026-09-26,2026-09-26,139,common_stock,0000008670
AZO,Wikipedia S&P 500 component stocks; frozen 2026-09-26,2026-09-26,140,common_stock,0000866787
AVY,Wikipedia S&P 500 component stocks; frozen 2026-09-26,2026-09-26,141,common_stock,0000008818
AXON,Wikipedia S&P 500 component stocks; frozen 2026-09-26,2026-09-26,142,common_stock,0001069183
BKR,Wikipedia S&P 500 component stocks; frozen 2026-09-26,2026-09-26,143,common_stock,0001701605
BALL,Wikipedia S&P 500 component stocks; frozen 2026-09-26,2026-09-26,144,common_stock,0000009389
BAX,Wikipedia S&P 500 component stocks; frozen 2026-09-26,2026-09-26,145,common_stock,0000010456
BDX,Wikipedia S&P 500 component stocks; frozen 2026-09-26,2026-09-26,146,common_stock,0000010795
BBY,Wikipedia S&P 500 component stocks; frozen 2026-09-26,2026-09-26,147,common_stock,0000764478
TECH,Wikipedia S&P 500 component stocks; frozen 2026-09-26,2026-09-26,148,common_stock,0000842023
BIIB,Wikipedia S&P 500 component stocks; frozen 2026-09-26,2026-09-26,149,common_stock,0000875045
BX,Wikipedia S&P 500 component stocks; frozen 2026-09-26,2026-09-26,150,common_stock,0001393818
XYZ,Wikipedia S&P 500 component stocks; frozen 2026-09-26,2026-09-26,151,common_stock,0001512673
BE,Wikipedia S&P 500 component stocks; frozen 2026-09-26,2026-09-26,152,common_stock,0001664703
BNY,Wikipedia S&P 500 component stocks; frozen 2026-09-26,2026-09-26,153,common_stock,0001390777
BR,Wikipedia S&P 500 component stocks; frozen 2026-09-26,2026-09-26,154,common_stock,0001383312
BRO,Wikipedia S&P 500 component stocks; frozen 2026-09-26,2026-09-26,155,common_stock,0000079282
BF-B,Wikipedia S&P 500 component stocks; frozen 2026-09-26,2026-09-26,156,common_stock,0000014693
BG,Wikipedia S&P 500 component stocks; frozen 2026-09-26,2026-09-26,157,common_stock,0001996862
BXP,Wikipedia S&P 500 component stocks; frozen 2026-09-26,2026-09-26,158,common_stock,0001037540
CHRW,Wikipedia S&P 500 component stocks; frozen 2026-09-26,2026-09-26,159,common_stock,0001043277
CPT,Wikipedia S&P 500 component stocks; frozen 2026-09-26,2026-09-26,160,common_stock,0000906345
COF,Wikipedia S&P 500 component stocks; frozen 2026-09-26,2026-09-26,161,common_stock,0000927628
CAH,Wikipedia S&P 500 component stocks; frozen 2026-09-26,2026-09-26,162,common_stock,0000721371
CCL,Wikipedia S&P 500 component stocks; frozen 2026-09-26,2026-09-26,163,common_stock,0000815097
CARR,Wikipedia S&P 500 component stocks; frozen 2026-09-26,2026-09-26,164,common_stock,0001783180
CVNA,Wikipedia S&P 500 component stocks; frozen 2026-09-26,2026-09-26,165,common_stock,0001690820
CASY,Wikipedia S&P 500 component stocks; frozen 2026-09-26,2026-09-26,166,common_stock,0000726958
CBOE,Wikipedia S&P 500 component stocks; frozen 2026-09-26,2026-09-26,167,common_stock,0001374310
CBRE,Wikipedia S&P 500 component stocks; frozen 2026-09-26,2026-09-26,168,common_stock,0001138118
CDW,Wikipedia S&P 500 component stocks; frozen 2026-09-26,2026-09-26,169,common_stock,0001402057
COR,Wikipedia S&P 500 component stocks; frozen 2026-09-26,2026-09-26,170,common_stock,0001140859
CNC,Wikipedia S&P 500 component stocks; frozen 2026-09-26,2026-09-26,171,common_stock,0001071739
CNP,Wikipedia S&P 500 component stocks; frozen 2026-09-26,2026-09-26,172,common_stock,0001130310
CF,Wikipedia S&P 500 component stocks; frozen 2026-09-26,2026-09-26,173,common_stock,0001324404
CRL,Wikipedia S&P 500 component stocks; frozen 2026-09-26,2026-09-26,174,common_stock,0001100682
CHTR,Wikipedia S&P 500 component stocks; frozen 2026-09-26,2026-09-26,175,common_stock,0001091667
CMG,Wikipedia S&P 500 component stocks; frozen 2026-09-26,2026-09-26,176,common_stock,0001058090
CHD,Wikipedia S&P 500 component stocks; frozen 2026-09-26,2026-09-26,177,common_stock,0000313927
CIEN,Wikipedia S&P 500 component stocks; frozen 2026-09-26,2026-09-26,178,common_stock,0000936395
CINF,Wikipedia S&P 500 component stocks; frozen 2026-09-26,2026-09-26,179,common_stock,0000020286
CTAS,Wikipedia S&P 500 component stocks; frozen 2026-09-26,2026-09-26,180,common_stock,0000723254
CFG,Wikipedia S&P 500 component stocks; frozen 2026-09-26,2026-09-26,181,common_stock,0000759944
CLX,Wikipedia S&P 500 component stocks; frozen 2026-09-26,2026-09-26,182,common_stock,0000021076
CME,Wikipedia S&P 500 component stocks; frozen 2026-09-26,2026-09-26,183,common_stock,0001156375
CMS,Wikipedia S&P 500 component stocks; frozen 2026-09-26,2026-09-26,184,common_stock,0000811156
CTSH,Wikipedia S&P 500 component stocks; frozen 2026-09-26,2026-09-26,185,common_stock,0001058290
COHR,Wikipedia S&P 500 component stocks; frozen 2026-09-26,2026-09-26,186,common_stock,0000820318
COIN,Wikipedia S&P 500 component stocks; frozen 2026-09-26,2026-09-26,187,common_stock,0001679788
CL,Wikipedia S&P 500 component stocks; frozen 2026-09-26,2026-09-26,188,common_stock,0000021665
FIX,Wikipedia S&P 500 component stocks; frozen 2026-09-26,2026-09-26,189,common_stock,0001035983
ED,Wikipedia S&P 500 component stocks; frozen 2026-09-26,2026-09-26,190,common_stock,0001047862
STZ,Wikipedia S&P 500 component stocks; frozen 2026-09-26,2026-09-26,191,common_stock,0000016918
CEG,Wikipedia S&P 500 component stocks; frozen 2026-09-26,2026-09-26,192,common_stock,0001868275
COO,Wikipedia S&P 500 component stocks; frozen 2026-09-26,2026-09-26,193,common_stock,0000711404
CPRT,Wikipedia S&P 500 component stocks; frozen 2026-09-26,2026-09-26,194,common_stock,0000900075
GLW,Wikipedia S&P 500 component stocks; frozen 2026-09-26,2026-09-26,195,common_stock,0000024741
CPAY,Wikipedia S&P 500 component stocks; frozen 2026-09-26,2026-09-26,196,common_stock,0001175454
CTVA,Wikipedia S&P 500 component stocks; frozen 2026-09-26,2026-09-26,197,common_stock,0001755672
CSGP,Wikipedia S&P 500 component stocks; frozen 2026-09-26,2026-09-26,198,common_stock,0001057352
CRH,Wikipedia S&P 500 component stocks; frozen 2026-09-26,2026-09-26,199,common_stock,0000849395
CRWD,Wikipedia S&P 500 component stocks; frozen 2026-09-26,2026-09-26,200,common_stock,0001535527
CCI,Wikipedia S&P 500 component stocks; frozen 2026-09-26,2026-09-26,201,common_stock,0001051470
CSX,Wikipedia S&P 500 component stocks; frozen 2026-09-26,2026-09-26,202,common_stock,0000277948
CMI,Wikipedia S&P 500 component stocks; frozen 2026-09-26,2026-09-26,203,common_stock,0000026172
DRI,Wikipedia S&P 500 component stocks; frozen 2026-09-26,2026-09-26,204,common_stock,0000940944
DDOG,Wikipedia S&P 500 component stocks; frozen 2026-09-26,2026-09-26,205,common_stock,0001561550
DVA,Wikipedia S&P 500 component stocks; frozen 2026-09-26,2026-09-26,206,common_stock,0000927066
DECK,Wikipedia S&P 500 component stocks; frozen 2026-09-26,2026-09-26,207,common_stock,0000910521
DELL,Wikipedia S&P 500 component stocks; frozen 2026-09-26,2026-09-26,208,common_stock,0001571996
DAL,Wikipedia S&P 500 component stocks; frozen 2026-09-26,2026-09-26,209,common_stock,0000027904
DVN,Wikipedia S&P 500 component stocks; frozen 2026-09-26,2026-09-26,210,common_stock,0001090012
DXCM,Wikipedia S&P 500 component stocks; frozen 2026-09-26,2026-09-26,211,common_stock,0001093557
FANG,Wikipedia S&P 500 component stocks; frozen 2026-09-26,2026-09-26,212,common_stock,0001539838
DLR,Wikipedia S&P 500 component stocks; frozen 2026-09-26,2026-09-26,213,common_stock,0001297996
DG,Wikipedia S&P 500 component stocks; frozen 2026-09-26,2026-09-26,214,common_stock,0000029534
DLTR,Wikipedia S&P 500 component stocks; frozen 2026-09-26,2026-09-26,215,common_stock,0000935703
D,Wikipedia S&P 500 component stocks; frozen 2026-09-26,2026-09-26,216,common_stock,0000715957
DPZ,Wikipedia S&P 500 component stocks; frozen 2026-09-26,2026-09-26,217,common_stock,0001286681
DASH,Wikipedia S&P 500 component stocks; frozen 2026-09-26,2026-09-26,218,common_stock,0001792789
DOV,Wikipedia S&P 500 component stocks; frozen 2026-09-26,2026-09-26,219,common_stock,0000029905
DOW,Wikipedia S&P 500 component stocks; frozen 2026-09-26,2026-09-26,220,common_stock,0001751788
DHI,Wikipedia S&P 500 component stocks; frozen 2026-09-26,2026-09-26,221,common_stock,0000882184
DTE,Wikipedia S&P 500 component stocks; frozen 2026-09-26,2026-09-26,222,common_stock,0000936340
DD,Wikipedia S&P 500 component stocks; frozen 2026-09-26,2026-09-26,223,common_stock,0001666700
ETN,Wikipedia S&P 500 component stocks; frozen 2026-09-26,2026-09-26,224,common_stock,0001551182
EBAY,Wikipedia S&P 500 component stocks; frozen 2026-09-26,2026-09-26,225,common_stock,0001065088
ECHO,Wikipedia S&P 500 component stocks; frozen 2026-09-26,2026-09-26,226,common_stock,0001415404
ECL,Wikipedia S&P 500 component stocks; frozen 2026-09-26,2026-09-26,227,common_stock,0000031462
EIX,Wikipedia S&P 500 component stocks; frozen 2026-09-26,2026-09-26,228,common_stock,0000827052
EW,Wikipedia S&P 500 component stocks; frozen 2026-09-26,2026-09-26,229,common_stock,0001099800
EME,Wikipedia S&P 500 component stocks; frozen 2026-09-26,2026-09-26,230,common_stock,0000105634
EMR,Wikipedia S&P 500 component stocks; frozen 2026-09-26,2026-09-26,231,common_stock,0000032604
ETR,Wikipedia S&P 500 component stocks; frozen 2026-09-26,2026-09-26,232,common_stock,0000065984
EQT,Wikipedia S&P 500 component stocks; frozen 2026-09-26,2026-09-26,233,common_stock,0000033213
EFX,Wikipedia S&P 500 component stocks; frozen 2026-09-26,2026-09-26,234,common_stock,0000033185
EQIX,Wikipedia S&P 500 component stocks; frozen 2026-09-26,2026-09-26,235,common_stock,0001101239
ERIE,Wikipedia S&P 500 component stocks; frozen 2026-09-26,2026-09-26,236,common_stock,0000922621
ESS,Wikipedia S&P 500 component stocks; frozen 2026-09-26,2026-09-26,237,common_stock,0000920522
EL,Wikipedia S&P 500 component stocks; frozen 2026-09-26,2026-09-26,238,common_stock,0001001250
EG,Wikipedia S&P 500 component stocks; frozen 2026-09-26,2026-09-26,239,common_stock,0001095073
EVRG,Wikipedia S&P 500 component stocks; frozen 2026-09-26,2026-09-26,240,common_stock,0001711269
P,Wikipedia S&P 500 component stocks; frozen 2026-09-26,2026-09-26,241,common_stock,0001474432
ES,Wikipedia S&P 500 component stocks; frozen 2026-09-26,2026-09-26,242,common_stock,0000072741
EXC,Wikipedia S&P 500 component stocks; frozen 2026-09-26,2026-09-26,243,common_stock,0001109357
EXE,Wikipedia S&P 500 component stocks; frozen 2026-09-26,2026-09-26,244,common_stock,0000895126
EXPE,Wikipedia S&P 500 component stocks; frozen 2026-09-26,2026-09-26,245,common_stock,0001324424
EXPD,Wikipedia S&P 500 component stocks; frozen 2026-09-26,2026-09-26,246,common_stock,0000746515
EXR,Wikipedia S&P 500 component stocks; frozen 2026-09-26,2026-09-26,247,common_stock,0001289490
FFIV,Wikipedia S&P 500 component stocks; frozen 2026-09-26,2026-09-26,248,common_stock,0001048695
FDS,Wikipedia S&P 500 component stocks; frozen 2026-09-26,2026-09-26,249,common_stock,0001013237
FICO,Wikipedia S&P 500 component stocks; frozen 2026-09-26,2026-09-26,250,common_stock,0000814547
FAST,Wikipedia S&P 500 component stocks; frozen 2026-09-26,2026-09-26,251,common_stock,0000815556
FRT,Wikipedia S&P 500 component stocks; frozen 2026-09-26,2026-09-26,252,common_stock,0000034903
FDX,Wikipedia S&P 500 component stocks; frozen 2026-09-26,2026-09-26,253,common_stock,0001048911
FDXF,Wikipedia S&P 500 component stocks; frozen 2026-09-26,2026-09-26,254,common_stock,0002082247
FERG,Wikipedia S&P 500 component stocks; frozen 2026-09-26,2026-09-26,255,common_stock,0002011641
FIS,Wikipedia S&P 500 component stocks; frozen 2026-09-26,2026-09-26,256,common_stock,0001136893
FITB,Wikipedia S&P 500 component stocks; frozen 2026-09-26,2026-09-26,257,common_stock,0000035527
FSLR,Wikipedia S&P 500 component stocks; frozen 2026-09-26,2026-09-26,258,common_stock,0001274494
FE,Wikipedia S&P 500 component stocks; frozen 2026-09-26,2026-09-26,259,common_stock,0001031296
FISV,Wikipedia S&P 500 component stocks; frozen 2026-09-26,2026-09-26,260,common_stock,0000798354
FLEX,Wikipedia S&P 500 component stocks; frozen 2026-09-26,2026-09-26,261,common_stock,0000866374
F,Wikipedia S&P 500 component stocks; frozen 2026-09-26,2026-09-26,262,common_stock,0000037996
FTNT,Wikipedia S&P 500 component stocks; frozen 2026-09-26,2026-09-26,263,common_stock,0001262039
FTV,Wikipedia S&P 500 component stocks; frozen 2026-09-26,2026-09-26,264,common_stock,0001659166
FOXA,Wikipedia S&P 500 component stocks; frozen 2026-09-26,2026-09-26,265,common_stock,0001754301
FOX,Wikipedia S&P 500 component stocks; frozen 2026-09-26,2026-09-26,266,common_stock,0001754301
BEN,Wikipedia S&P 500 component stocks; frozen 2026-09-26,2026-09-26,267,common_stock,0000038777
FCX,Wikipedia S&P 500 component stocks; frozen 2026-09-26,2026-09-26,268,common_stock,0000831259
GRMN,Wikipedia S&P 500 component stocks; frozen 2026-09-26,2026-09-26,269,common_stock,0001121788
IT,Wikipedia S&P 500 component stocks; frozen 2026-09-26,2026-09-26,270,common_stock,0000749251
GEHC,Wikipedia S&P 500 component stocks; frozen 2026-09-26,2026-09-26,271,common_stock,0001932393
GEV,Wikipedia S&P 500 component stocks; frozen 2026-09-26,2026-09-26,272,common_stock,0001996810
GEN,Wikipedia S&P 500 component stocks; frozen 2026-09-26,2026-09-26,273,common_stock,0000849399
GNRC,Wikipedia S&P 500 component stocks; frozen 2026-09-26,2026-09-26,274,common_stock,0001474735
GD,Wikipedia S&P 500 component stocks; frozen 2026-09-26,2026-09-26,275,common_stock,0000040533
GIS,Wikipedia S&P 500 component stocks; frozen 2026-09-26,2026-09-26,276,common_stock,0000040704
GM,Wikipedia S&P 500 component stocks; frozen 2026-09-26,2026-09-26,277,common_stock,0001467858
GPC,Wikipedia S&P 500 component stocks; frozen 2026-09-26,2026-09-26,278,common_stock,0000040987
GPN,Wikipedia S&P 500 component stocks; frozen 2026-09-26,2026-09-26,279,common_stock,0001123360
GL,Wikipedia S&P 500 component stocks; frozen 2026-09-26,2026-09-26,280,common_stock,0000320335
GDDY,Wikipedia S&P 500 component stocks; frozen 2026-09-26,2026-09-26,281,common_stock,0001609711
HAL,Wikipedia S&P 500 component stocks; frozen 2026-09-26,2026-09-26,282,common_stock,0000045012
HIG,Wikipedia S&P 500 component stocks; frozen 2026-09-26,2026-09-26,283,common_stock,0000874766
HAS,Wikipedia S&P 500 component stocks; frozen 2026-09-26,2026-09-26,284,common_stock,0000046080
HCA,Wikipedia S&P 500 component stocks; frozen 2026-09-26,2026-09-26,285,common_stock,0000860730
DOC,Wikipedia S&P 500 component stocks; frozen 2026-09-26,2026-09-26,286,common_stock,0000765880
HSIC,Wikipedia S&P 500 component stocks; frozen 2026-09-26,2026-09-26,287,common_stock,0001000228
HSY,Wikipedia S&P 500 component stocks; frozen 2026-09-26,2026-09-26,288,common_stock,0000047111
HPE,Wikipedia S&P 500 component stocks; frozen 2026-09-26,2026-09-26,289,common_stock,0001645590
HLT,Wikipedia S&P 500 component stocks; frozen 2026-09-26,2026-09-26,290,common_stock,0001585689
HONA,Wikipedia S&P 500 component stocks; frozen 2026-09-26,2026-09-26,291,common_stock,0002089271
HRL,Wikipedia S&P 500 component stocks; frozen 2026-09-26,2026-09-26,292,common_stock,0000048465
HST,Wikipedia S&P 500 component stocks; frozen 2026-09-26,2026-09-26,293,common_stock,0001070750
HWM,Wikipedia S&P 500 component stocks; frozen 2026-09-26,2026-09-26,294,common_stock,0000004281
HPQ,Wikipedia S&P 500 component stocks; frozen 2026-09-26,2026-09-26,295,common_stock,0000047217
HUBB,Wikipedia S&P 500 component stocks; frozen 2026-09-26,2026-09-26,296,common_stock,0000048898
HUM,Wikipedia S&P 500 component stocks; frozen 2026-09-26,2026-09-26,297,common_stock,0000049071
HBAN,Wikipedia S&P 500 component stocks; frozen 2026-09-26,2026-09-26,298,common_stock,0000049196
HII,Wikipedia S&P 500 component stocks; frozen 2026-09-26,2026-09-26,299,common_stock,0001501585
IEX,Wikipedia S&P 500 component stocks; frozen 2026-09-26,2026-09-26,300,common_stock,0000832101
IDXX,Wikipedia S&P 500 component stocks; frozen 2026-09-26,2026-09-26,301,common_stock,0000874716
ITW,Wikipedia S&P 500 component stocks; frozen 2026-09-26,2026-09-26,302,common_stock,0000049826
ILMN,Wikipedia S&P 500 component stocks; frozen 2026-09-26,2026-09-26,303,common_stock,0001110803
INCY,Wikipedia S&P 500 component stocks; frozen 2026-09-26,2026-09-26,304,common_stock,0000879169
IR,Wikipedia S&P 500 component stocks; frozen 2026-09-26,2026-09-26,305,common_stock,0001699150
PODD,Wikipedia S&P 500 component stocks; frozen 2026-09-26,2026-09-26,306,common_stock,0001145197
INTC,Wikipedia S&P 500 component stocks; frozen 2026-09-26,2026-09-26,307,common_stock,0000050863
IBKR,Wikipedia S&P 500 component stocks; frozen 2026-09-26,2026-09-26,308,common_stock,0001381197
ICE,Wikipedia S&P 500 component stocks; frozen 2026-09-26,2026-09-26,309,common_stock,0001571949
IFF,Wikipedia S&P 500 component stocks; frozen 2026-09-26,2026-09-26,310,common_stock,0000051253
IP,Wikipedia S&P 500 component stocks; frozen 2026-09-26,2026-09-26,311,common_stock,0000051434
IVZ,Wikipedia S&P 500 component stocks; frozen 2026-09-26,2026-09-26,312,common_stock,0000914208
INVH,Wikipedia S&P 500 component stocks; frozen 2026-09-26,2026-09-26,313,common_stock,0001687229
IQV,Wikipedia S&P 500 component stocks; frozen 2026-09-26,2026-09-26,314,common_stock,0001478242
IRM,Wikipedia S&P 500 component stocks; frozen 2026-09-26,2026-09-26,315,common_stock,0001020569
JBHT,Wikipedia S&P 500 component stocks; frozen 2026-09-26,2026-09-26,316,common_stock,0000728535
JBL,Wikipedia S&P 500 component stocks; frozen 2026-09-26,2026-09-26,317,common_stock,0000898293
JKHY,Wikipedia S&P 500 component stocks; frozen 2026-09-26,2026-09-26,318,common_stock,0000779152
J,Wikipedia S&P 500 component stocks; frozen 2026-09-26,2026-09-26,319,common_stock,0000052988
JCI,Wikipedia S&P 500 component stocks; frozen 2026-09-26,2026-09-26,320,common_stock,0000833444
KVUE,Wikipedia S&P 500 component stocks; frozen 2026-09-26,2026-09-26,321,common_stock,0001944048
KDP,Wikipedia S&P 500 component stocks; frozen 2026-09-26,2026-09-26,322,common_stock,0001418135
KEY,Wikipedia S&P 500 component stocks; frozen 2026-09-26,2026-09-26,323,common_stock,0000091576
KEYS,Wikipedia S&P 500 component stocks; frozen 2026-09-26,2026-09-26,324,common_stock,0001601046
KMB,Wikipedia S&P 500 component stocks; frozen 2026-09-26,2026-09-26,325,common_stock,0000055785
KIM,Wikipedia S&P 500 component stocks; frozen 2026-09-26,2026-09-26,326,common_stock,0000879101
KMI,Wikipedia S&P 500 component stocks; frozen 2026-09-26,2026-09-26,327,common_stock,0001506307
KKR,Wikipedia S&P 500 component stocks; frozen 2026-09-26,2026-09-26,328,common_stock,0001404912
KHC,Wikipedia S&P 500 component stocks; frozen 2026-09-26,2026-09-26,329,common_stock,0001637459
KR,Wikipedia S&P 500 component stocks; frozen 2026-09-26,2026-09-26,330,common_stock,0000056873
LHX,Wikipedia S&P 500 component stocks; frozen 2026-09-26,2026-09-26,331,common_stock,0000202058
LH,Wikipedia S&P 500 component stocks; frozen 2026-09-26,2026-09-26,332,common_stock,0000920148
LVS,Wikipedia S&P 500 component stocks; frozen 2026-09-26,2026-09-26,333,common_stock,0001300514
LDOS,Wikipedia S&P 500 component stocks; frozen 2026-09-26,2026-09-26,334,common_stock,0001336920
LEN,Wikipedia S&P 500 component stocks; frozen 2026-09-26,2026-09-26,335,common_stock,0000920760
LII,Wikipedia S&P 500 component stocks; frozen 2026-09-26,2026-09-26,336,common_stock,0001069202
LYV,Wikipedia S&P 500 component stocks; frozen 2026-09-26,2026-09-26,337,common_stock,0001335258
L,Wikipedia S&P 500 component stocks; frozen 2026-09-26,2026-09-26,338,common_stock,0000060086
LULU,Wikipedia S&P 500 component stocks; frozen 2026-09-26,2026-09-26,339,common_stock,0001397187
LITE,Wikipedia S&P 500 component stocks; frozen 2026-09-26,2026-09-26,340,common_stock,0001633978
LYB,Wikipedia S&P 500 component stocks; frozen 2026-09-26,2026-09-26,341,common_stock,0001489393
MTB,Wikipedia S&P 500 component stocks; frozen 2026-09-26,2026-09-26,342,common_stock,0000036270
MPC,Wikipedia S&P 500 component stocks; frozen 2026-09-26,2026-09-26,343,common_stock,0001510295
MAR,Wikipedia S&P 500 component stocks; frozen 2026-09-26,2026-09-26,344,common_stock,0001048286
MLM,Wikipedia S&P 500 component stocks; frozen 2026-09-26,2026-09-26,345,common_stock,0000916076
MRVL,Wikipedia S&P 500 component stocks; frozen 2026-09-26,2026-09-26,346,common_stock,0001835632
MAS,Wikipedia S&P 500 component stocks; frozen 2026-09-26,2026-09-26,347,common_stock,0000062996
MKC,Wikipedia S&P 500 component stocks; frozen 2026-09-26,2026-09-26,348,common_stock,0000063754
MCK,Wikipedia S&P 500 component stocks; frozen 2026-09-26,2026-09-26,349,common_stock,0000927653
MET,Wikipedia S&P 500 component stocks; frozen 2026-09-26,2026-09-26,350,common_stock,0001099219
MTD,Wikipedia S&P 500 component stocks; frozen 2026-09-26,2026-09-26,351,common_stock,0001037646
MGM,Wikipedia S&P 500 component stocks; frozen 2026-09-26,2026-09-26,352,common_stock,0000789570
MCHP,Wikipedia S&P 500 component stocks; frozen 2026-09-26,2026-09-26,353,common_stock,0000827054
MAA,Wikipedia S&P 500 component stocks; frozen 2026-09-26,2026-09-26,354,common_stock,0000912595
MRNA,Wikipedia S&P 500 component stocks; frozen 2026-09-26,2026-09-26,355,common_stock,0001682852
MDLZ,Wikipedia S&P 500 component stocks; frozen 2026-09-26,2026-09-26,356,common_stock,0001103982
MPWR,Wikipedia S&P 500 component stocks; frozen 2026-09-26,2026-09-26,357,common_stock,0001280452
MNST,Wikipedia S&P 500 component stocks; frozen 2026-09-26,2026-09-26,358,common_stock,0000865752
MCO,Wikipedia S&P 500 component stocks; frozen 2026-09-26,2026-09-26,359,common_stock,0001059556
MOS,Wikipedia S&P 500 component stocks; frozen 2026-09-26,2026-09-26,360,common_stock,0001285785
MSI,Wikipedia S&P 500 component stocks; frozen 2026-09-26,2026-09-26,361,common_stock,0000068505
MSCI,Wikipedia S&P 500 component stocks; frozen 2026-09-26,2026-09-26,362,common_stock,0001408198
NDAQ,Wikipedia S&P 500 component stocks; frozen 2026-09-26,2026-09-26,363,common_stock,0001120193
NTAP,Wikipedia S&P 500 component stocks; frozen 2026-09-26,2026-09-26,364,common_stock,0001002047
NEM,Wikipedia S&P 500 component stocks; frozen 2026-09-26,2026-09-26,365,common_stock,0001164727
NWSA,Wikipedia S&P 500 component stocks; frozen 2026-09-26,2026-09-26,366,common_stock,0001564708
NWS,Wikipedia S&P 500 component stocks; frozen 2026-09-26,2026-09-26,367,common_stock,0001564708
NI,Wikipedia S&P 500 component stocks; frozen 2026-09-26,2026-09-26,368,common_stock,0001111711
NDSN,Wikipedia S&P 500 component stocks; frozen 2026-09-26,2026-09-26,369,common_stock,0000072331
NSC,Wikipedia S&P 500 component stocks; frozen 2026-09-26,2026-09-26,370,common_stock,0000702165
NTRS,Wikipedia S&P 500 component stocks; frozen 2026-09-26,2026-09-26,371,common_stock,0000073124
NOC,Wikipedia S&P 500 component stocks; frozen 2026-09-26,2026-09-26,372,common_stock,0001133421
NCLH,Wikipedia S&P 500 component stocks; frozen 2026-09-26,2026-09-26,373,common_stock,0001513761
NRG,Wikipedia S&P 500 component stocks; frozen 2026-09-26,2026-09-26,374,common_stock,0001013871
NUE,Wikipedia S&P 500 component stocks; frozen 2026-09-26,2026-09-26,375,common_stock,0000073309
NVR,Wikipedia S&P 500 component stocks; frozen 2026-09-26,2026-09-26,376,common_stock,0000906163
NXPI,Wikipedia S&P 500 component stocks; frozen 2026-09-26,2026-09-26,377,common_stock,0001413447
ORLY,Wikipedia S&P 500 component stocks; frozen 2026-09-26,2026-09-26,378,common_stock,0000898173
OXY,Wikipedia S&P 500 component stocks; frozen 2026-09-26,2026-09-26,379,common_stock,0000797468
ODFL,Wikipedia S&P 500 component stocks; frozen 2026-09-26,2026-09-26,380,common_stock,0000878927
OMC,Wikipedia S&P 500 component stocks; frozen 2026-09-26,2026-09-26,381,common_stock,0000029989
ON,Wikipedia S&P 500 component stocks; frozen 2026-09-26,2026-09-26,382,common_stock,0001097864
OKE,Wikipedia S&P 500 component stocks; frozen 2026-09-26,2026-09-26,383,common_stock,0001039684
OTIS,Wikipedia S&P 500 component stocks; frozen 2026-09-26,2026-09-26,384,common_stock,0001781335
PCAR,Wikipedia S&P 500 component stocks; frozen 2026-09-26,2026-09-26,385,common_stock,0000075362
PKG,Wikipedia S&P 500 component stocks; frozen 2026-09-26,2026-09-26,386,common_stock,0000075677
PLTR,Wikipedia S&P 500 component stocks; frozen 2026-09-26,2026-09-26,387,common_stock,0001321655
PSKY,Wikipedia S&P 500 component stocks; frozen 2026-09-26,2026-09-26,388,common_stock,0002041610
PH,Wikipedia S&P 500 component stocks; frozen 2026-09-26,2026-09-26,389,common_stock,0000076334
PAYX,Wikipedia S&P 500 component stocks; frozen 2026-09-26,2026-09-26,390,common_stock,0000723531
PYPL,Wikipedia S&P 500 component stocks; frozen 2026-09-26,2026-09-26,391,common_stock,0001633917
PNR,Wikipedia S&P 500 component stocks; frozen 2026-09-26,2026-09-26,392,common_stock,0000077360
PCG,Wikipedia S&P 500 component stocks; frozen 2026-09-26,2026-09-26,393,common_stock,0001004980
PM,Wikipedia S&P 500 component stocks; frozen 2026-09-26,2026-09-26,394,common_stock,0001413329
PSX,Wikipedia S&P 500 component stocks; frozen 2026-09-26,2026-09-26,395,common_stock,0001534701
PNW,Wikipedia S&P 500 component stocks; frozen 2026-09-26,2026-09-26,396,common_stock,0000764622
PNC,Wikipedia S&P 500 component stocks; frozen 2026-09-26,2026-09-26,397,common_stock,0000713676
PPG,Wikipedia S&P 500 component stocks; frozen 2026-09-26,2026-09-26,398,common_stock,0000079879
PPL,Wikipedia S&P 500 component stocks; frozen 2026-09-26,2026-09-26,399,common_stock,0000922224
PFG,Wikipedia S&P 500 component stocks; frozen 2026-09-26,2026-09-26,400,common_stock,0001126328
PLD,Wikipedia S&P 500 component stocks; frozen 2026-09-26,2026-09-26,401,common_stock,0001045609
PRU,Wikipedia S&P 500 component stocks; frozen 2026-09-26,2026-09-26,402,common_stock,0001137774
PEG,Wikipedia S&P 500 component stocks; frozen 2026-09-26,2026-09-26,403,common_stock,0000788784
PTC,Wikipedia S&P 500 component stocks; frozen 2026-09-26,2026-09-26,404,common_stock,0000857005
PSA,Wikipedia S&P 500 component stocks; frozen 2026-09-26,2026-09-26,405,common_stock,0001393311
PHM,Wikipedia S&P 500 component stocks; frozen 2026-09-26,2026-09-26,406,common_stock,0000822416
PWR,Wikipedia S&P 500 component stocks; frozen 2026-09-26,2026-09-26,407,common_stock,0001050915
DGX,Wikipedia S&P 500 component stocks; frozen 2026-09-26,2026-09-26,408,common_stock,0001022079
Q,Wikipedia S&P 500 component stocks; frozen 2026-09-26,2026-09-26,409,common_stock,0002058873
RL,Wikipedia S&P 500 component stocks; frozen 2026-09-26,2026-09-26,410,common_stock,0001037038
RJF,Wikipedia S&P 500 component stocks; frozen 2026-09-26,2026-09-26,411,common_stock,0000720005
RDDT,Wikipedia S&P 500 component stocks; frozen 2026-09-26,2026-09-26,412,common_stock,0001713445
O,Wikipedia S&P 500 component stocks; frozen 2026-09-26,2026-09-26,413,common_stock,0000726728
REG,Wikipedia S&P 500 component stocks; frozen 2026-09-26,2026-09-26,414,common_stock,0000910606
RF,Wikipedia S&P 500 component stocks; frozen 2026-09-26,2026-09-26,415,common_stock,0001281761
RSG,Wikipedia S&P 500 component stocks; frozen 2026-09-26,2026-09-26,416,common_stock,0001060391
RMD,Wikipedia S&P 500 component stocks; frozen 2026-09-26,2026-09-26,417,common_stock,0000943819
RVTY,Wikipedia S&P 500 component stocks; frozen 2026-09-26,2026-09-26,418,common_stock,0000031791
HOOD,Wikipedia S&P 500 component stocks; frozen 2026-09-26,2026-09-26,419,common_stock,0001783879
ROK,Wikipedia S&P 500 component stocks; frozen 2026-09-26,2026-09-26,420,common_stock,0001024478
ROL,Wikipedia S&P 500 component stocks; frozen 2026-09-26,2026-09-26,421,common_stock,0000084839
ROP,Wikipedia S&P 500 component stocks; frozen 2026-09-26,2026-09-26,422,common_stock,0000882835
ROST,Wikipedia S&P 500 component stocks; frozen 2026-09-26,2026-09-26,423,common_stock,0000745732
RCL,Wikipedia S&P 500 component stocks; frozen 2026-09-26,2026-09-26,424,common_stock,0000884887
SNDK,Wikipedia S&P 500 component stocks; frozen 2026-09-26,2026-09-26,425,common_stock,0002023554
SBAC,Wikipedia S&P 500 component stocks; frozen 2026-09-26,2026-09-26,426,common_stock,0001034054
STX,Wikipedia S&P 500 component stocks; frozen 2026-09-26,2026-09-26,427,common_stock,0001137789
SRE,Wikipedia S&P 500 component stocks; frozen 2026-09-26,2026-09-26,428,common_stock,0001032208
SHW,Wikipedia S&P 500 component stocks; frozen 2026-09-26,2026-09-26,429,common_stock,0000089800
SPG,Wikipedia S&P 500 component stocks; frozen 2026-09-26,2026-09-26,430,common_stock,0001063761
SWKS,Wikipedia S&P 500 component stocks; frozen 2026-09-26,2026-09-26,431,common_stock,0000004127
SJM,Wikipedia S&P 500 component stocks; frozen 2026-09-26,2026-09-26,432,common_stock,0000091419
SW,Wikipedia S&P 500 component stocks; frozen 2026-09-26,2026-09-26,433,common_stock,0002005951
SNA,Wikipedia S&P 500 component stocks; frozen 2026-09-26,2026-09-26,434,common_stock,0000091440
SOLV,Wikipedia S&P 500 component stocks; frozen 2026-09-26,2026-09-26,435,common_stock,0001964738
LUV,Wikipedia S&P 500 component stocks; frozen 2026-09-26,2026-09-26,436,common_stock,0000092380
SWK,Wikipedia S&P 500 component stocks; frozen 2026-09-26,2026-09-26,437,common_stock,0000093556
STT,Wikipedia S&P 500 component stocks; frozen 2026-09-26,2026-09-26,438,common_stock,0000093751
STLD,Wikipedia S&P 500 component stocks; frozen 2026-09-26,2026-09-26,439,common_stock,0001022671
STE,Wikipedia S&P 500 component stocks; frozen 2026-09-26,2026-09-26,440,common_stock,0001757898
SMCI,Wikipedia S&P 500 component stocks; frozen 2026-09-26,2026-09-26,441,common_stock,0001375365
SYF,Wikipedia S&P 500 component stocks; frozen 2026-09-26,2026-09-26,442,common_stock,0001601712
SYY,Wikipedia S&P 500 component stocks; frozen 2026-09-26,2026-09-26,443,common_stock,0000096021
TROW,Wikipedia S&P 500 component stocks; frozen 2026-09-26,2026-09-26,444,common_stock,0001113169
TTWO,Wikipedia S&P 500 component stocks; frozen 2026-09-26,2026-09-26,445,common_stock,0000946581
TPR,Wikipedia S&P 500 component stocks; frozen 2026-09-26,2026-09-26,446,common_stock,0001116132
TRGP,Wikipedia S&P 500 component stocks; frozen 2026-09-26,2026-09-26,447,common_stock,0001389170
TGT,Wikipedia S&P 500 component stocks; frozen 2026-09-26,2026-09-26,448,common_stock,0000027419
TEL,Wikipedia S&P 500 component stocks; frozen 2026-09-26,2026-09-26,449,common_stock,0001385157
TDY,Wikipedia S&P 500 component stocks; frozen 2026-09-26,2026-09-26,450,common_stock,0001094285
TER,Wikipedia S&P 500 component stocks; frozen 2026-09-26,2026-09-26,451,common_stock,0000097210
TSLA,Wikipedia S&P 500 component stocks; frozen 2026-09-26,2026-09-26,452,common_stock,0001318605
TPL,Wikipedia S&P 500 component stocks; frozen 2026-09-26,2026-09-26,453,common_stock,0001811074
TXT,Wikipedia S&P 500 component stocks; frozen 2026-09-26,2026-09-26,454,common_stock,0000217346
TKO,Wikipedia S&P 500 component stocks; frozen 2026-09-26,2026-09-26,455,common_stock,0001973266
TSCO,Wikipedia S&P 500 component stocks; frozen 2026-09-26,2026-09-26,456,common_stock,0000916365
TT,Wikipedia S&P 500 component stocks; frozen 2026-09-26,2026-09-26,457,common_stock,0001466258
TDG,Wikipedia S&P 500 component stocks; frozen 2026-09-26,2026-09-26,458,common_stock,0001260221
TRV,Wikipedia S&P 500 component stocks; frozen 2026-09-26,2026-09-26,459,common_stock,0000086312
TRMB,Wikipedia S&P 500 component stocks; frozen 2026-09-26,2026-09-26,460,common_stock,0000864749
TFC,Wikipedia S&P 500 component stocks; frozen 2026-09-26,2026-09-26,461,common_stock,0000092230
TYL,Wikipedia S&P 500 component stocks; frozen 2026-09-26,2026-09-26,462,common_stock,0000860731
TSN,Wikipedia S&P 500 component stocks; frozen 2026-09-26,2026-09-26,463,common_stock,0000100493
USB,Wikipedia S&P 500 component stocks; frozen 2026-09-26,2026-09-26,464,common_stock,0000036104
UBER,Wikipedia S&P 500 component stocks; frozen 2026-09-26,2026-09-26,465,common_stock,0001543151
UDR,Wikipedia S&P 500 component stocks; frozen 2026-09-26,2026-09-26,466,common_stock,0000074208
ULTA,Wikipedia S&P 500 component stocks; frozen 2026-09-26,2026-09-26,467,common_stock,0001403568
UAL,Wikipedia S&P 500 component stocks; frozen 2026-09-26,2026-09-26,468,common_stock,0000100517
URI,Wikipedia S&P 500 component stocks; frozen 2026-09-26,2026-09-26,469,common_stock,0001067701
UHS,Wikipedia S&P 500 component stocks; frozen 2026-09-26,2026-09-26,470,common_stock,0000352915
VLO,Wikipedia S&P 500 component stocks; frozen 2026-09-26,2026-09-26,471,common_stock,0001035002
VEEV,Wikipedia S&P 500 component stocks; frozen 2026-09-26,2026-09-26,472,common_stock,0001393052
VTR,Wikipedia S&P 500 component stocks; frozen 2026-09-26,2026-09-26,473,common_stock,0000740260
VLTO,Wikipedia S&P 500 component stocks; frozen 2026-09-26,2026-09-26,474,common_stock,0001967680
VRSN,Wikipedia S&P 500 component stocks; frozen 2026-09-26,2026-09-26,475,common_stock,0001014473
VRSK,Wikipedia S&P 500 component stocks; frozen 2026-09-26,2026-09-26,476,common_stock,0001442145
VRT,Wikipedia S&P 500 component stocks; frozen 2026-09-26,2026-09-26,477,common_stock,0001674101
VTRS,Wikipedia S&P 500 component stocks; frozen 2026-09-26,2026-09-26,478,common_stock,0001792044
VICI,Wikipedia S&P 500 component stocks; frozen 2026-09-26,2026-09-26,479,common_stock,0001705696
VST,Wikipedia S&P 500 component stocks; frozen 2026-09-26,2026-09-26,480,common_stock,0001692819
VMRK,Wikipedia S&P 500 component stocks; frozen 2026-09-26,2026-09-26,481,common_stock,0000906107
VMC,Wikipedia S&P 500 component stocks; frozen 2026-09-26,2026-09-26,482,common_stock,0001396009
WRB,Wikipedia S&P 500 component stocks; frozen 2026-09-26,2026-09-26,483,common_stock,0000011544
GWW,Wikipedia S&P 500 component stocks; frozen 2026-09-26,2026-09-26,484,common_stock,0000277135
WAB,Wikipedia S&P 500 component stocks; frozen 2026-09-26,2026-09-26,485,common_stock,0000943452
WBD,Wikipedia S&P 500 component stocks; frozen 2026-09-26,2026-09-26,486,common_stock,0001437107
WM,Wikipedia S&P 500 component stocks; frozen 2026-09-26,2026-09-26,487,common_stock,0000823768
WAT,Wikipedia S&P 500 component stocks; frozen 2026-09-26,2026-09-26,488,common_stock,0001000697
WEC,Wikipedia S&P 500 component stocks; frozen 2026-09-26,2026-09-26,489,common_stock,0000783325
WELL,Wikipedia S&P 500 component stocks; frozen 2026-09-26,2026-09-26,490,common_stock,0000766704
WST,Wikipedia S&P 500 component stocks; frozen 2026-09-26,2026-09-26,491,common_stock,0000105770
WDC,Wikipedia S&P 500 component stocks; frozen 2026-09-26,2026-09-26,492,common_stock,0000106040
WY,Wikipedia S&P 500 component stocks; frozen 2026-09-26,2026-09-26,493,common_stock,0000106535
WSM,Wikipedia S&P 500 component stocks; frozen 2026-09-26,2026-09-26,494,common_stock,0000719955
WMB,Wikipedia S&P 500 component stocks; frozen 2026-09-26,2026-09-26,495,common_stock,0000107263
WTW,Wikipedia S&P 500 component stocks; frozen 2026-09-26,2026-09-26,496,common_stock,0001140536
WDAY,Wikipedia S&P 500 component stocks; frozen 2026-09-26,2026-09-26,497,common_stock,0001327811
WYNN,Wikipedia S&P 500 component stocks; frozen 2026-09-26,2026-09-26,498,common_stock,0001174922
XEL,Wikipedia S&P 500 component stocks; frozen 2026-09-26,2026-09-26,499,common_stock,0000072903
XYL,Wikipedia S&P 500 component stocks; frozen 2026-09-26,2026-09-26,500,common_stock,0001524472
